Title,Price,Description,Location,Date
Car seat covers,₹ 500,No description available,"Shastri Nagar, Ahmedabad",N/A
Car Parking cover,"₹ 1,200",No description available,"Vasai East, Mumbai",N/A
Tata Tiago car body cover,"₹ 1,000",No description available,"Nalasopara East, Mumbai",N/A
Car cover of maruthi alto k10/800,₹ 300,No description available,"Mithila Nagar, Hyderabad",N/A
2 Piece Wooden Car Seat cover,"₹ 3,000",No description available,"provident harmony, Bengaluru",N/A
Alto car cover,₹ 500,No description available,"Valganaising, Dindigul",N/A
All cars side mirror batman cover abs plastic piano black,"₹ 2,499",No description available,"Gangtok Private Estate, Gangtok",N/A
All cars side mirror cover batman style abs plastic piano black,"₹ 2,500",No description available,"Anna Nagar, Madurai",N/A
Car large cover,₹ 800,No description available,"Housing Board Colony, Hyderabad",N/A
Car Body cover,₹ 700,No description available,"Tathawade, Pune",N/A
Car Cover for Renault Kwid – Perfect Fit  Neodrift  Excel Condition,"₹ 2,500",No description available,"Medavakkam, Chennai",N/A
Maruti  s-presso car seat covers,"₹ 3,000",No description available,"Anjanadri Layout, Bengaluru",N/A
Car premium seat covers and full floring mat available,Not specified,No description available,"Attapur, Hyderabad",N/A
Ignis wheel cover 3 no's and ignis car cover,"₹ 2,000",No description available,"Indirapuram Vaibhav Khand, Ghaziabad",N/A
Wooden beads Car Seat cover in very good condition for sale,₹ 700,No description available,"Dhanori, Pune",N/A
TPH car Cover for Honda Amaze,"₹ 1,500",No description available,"Nanded City, Pune",N/A
Want to sell eecho car military cover with good condition only 1000rs,"₹ 1,000",No description available,"Ram Nagar, Hyderabad",N/A
Renault Kwid cars rain cover,Not specified,No description available,"Anekal Taluka Avalahalli, Bengaluru",N/A
HONDA BRIO CAR COVER,"₹ 1,000",No description available,"Chembur, Mumbai",N/A
Car seat cover,"₹ 3,999",No description available,"Kanadiya Road, Indore",N/A
